Metric,Normal_Days,Holidays
count,404.0,66.0
mean,476.1287128712871,511.40909090909093
std,172.09773686648956,179.23452425611168
min,4.0,221.0
25%,353.0,365.0
50%,440.5,491.5
75%,567.75,611.25
max,1203.0,985.0
