Day,Holiday Avg,Holiday Count,Non-Holiday Avg,Non-Holiday Count,Difference,Percent Diff,Better,Winner,P-Value,Abs Diff
Monday,471.0,8,424.2105263157895,57,46.78947368421052,11.029776674937963,HOLIDAY,Holiday,0.13863334656617157,46.78947368421052
Tuesday,435.2857142857143,7,393.10526315789474,57,42.18045112781954,10.730065221965072,HOLIDAY,Holiday,0.3674335164877481,42.18045112781954
Wednesday,508.4,5,446.01724137931035,58,62.38275862068963,13.986624917855343,HOLIDAY,Holiday,0.42803814670770707,62.38275862068963
Thursday,338.6,5,361.4166666666667,60,-22.816666666666663,-6.313119667973252,NON-HOLIDAY,Non-Holiday,0.5445480782200013,22.816666666666663
Friday,374.75,4,390.1803278688525,61,-15.430327868852487,-3.954665770345791,NON-HOLIDAY,Non-Holiday,0.826908665212385,15.430327868852487
Saturday,620.0,9,639.5357142857143,56,-19.535714285714334,-3.054671357569673,NON-HOLIDAY,Non-Holiday,0.35718642789583743,19.535714285714334
Sunday,659.3333333333334,9,699.6785714285714,56,-40.345238095238074,-5.766253211508682,NON-HOLIDAY,Non-Holiday,0.5610070079716246,40.345238095238074
